{
  "Add Moblie2 to cart" : {
    "transaction" : "Add Moblie2 to cart",
    "sampleCount" : 25,
    "errorCount" : 0,
    "errorPct" : 0.0,
    "meanResTime" : 549.9999999999999,
    "medianResTime" : 561.0,
    "minResTime" : 388.0,
    "maxResTime" : 686.0,
    "pct1ResTime" : 675.4,
    "pct2ResTime" : 684.8,
    "pct3ResTime" : 686.0,
    "throughput" : 13.150973172014728,
    "receivedKBytesPerSec" : 4.2509493358758546,
    "sentKBytesPerSec" : 7.050668233824303
  },
  "View cart after deleting" : {
    "transaction" : "View cart after deleting",
    "sampleCount" : 25,
    "errorCount" : 0,
    "errorPct" : 0.0,
    "meanResTime" : 577.8000000000001,
    "medianResTime" : 636.0,
    "minResTime" : 386.0,
    "maxResTime" : 742.0,
    "pct1ResTime" : 715.0000000000001,
    "pct2ResTime" : 741.1,
    "pct3ResTime" : 742.0,
    "throughput" : 10.438413361169102,
    "receivedKBytesPerSec" : 7.31219010960334,
    "sentKBytesPerSec" : 5.0051376565762
  },
  "Register" : {
    "transaction" : "Register",
    "sampleCount" : 15,
    "errorCount" : 0,
    "errorPct" : 0.0,
    "meanResTime" : 1267.2,
    "medianResTime" : 1054.0,
    "minResTime" : 841.0,
    "maxResTime" : 2654.0,
    "pct1ResTime" : 2629.4,
    "pct2ResTime" : 2654.0,
    "pct3ResTime" : 2654.0,
    "throughput" : 0.5176340672234109,
    "receivedKBytesPerSec" : 0.31593876173303886,
    "sentKBytesPerSec" : 0.2524477081751674
  },
  "Add Mobile to cart" : {
    "transaction" : "Add Mobile to cart",
    "sampleCount" : 25,
    "errorCount" : 0,
    "errorPct" : 0.0,
    "meanResTime" : 944.8000000000002,
    "medianResTime" : 973.0,
    "minResTime" : 759.0,
    "maxResTime" : 1298.0,
    "pct1ResTime" : 1086.8,
    "pct2ResTime" : 1234.9999999999998,
    "pct3ResTime" : 1298.0,
    "throughput" : 12.468827930174564,
    "receivedKBytesPerSec" : 4.030451215710723,
    "sentKBytesPerSec" : 6.6849477867830425
  },
  "Total" : {
    "transaction" : "Total",
    "sampleCount" : 245,
    "errorCount" : 0,
    "errorPct" : 0.0,
    "meanResTime" : 691.9714285714286,
    "medianResTime" : 610.0,
    "minResTime" : 370.0,
    "maxResTime" : 2654.0,
    "pct1ResTime" : 1056.0,
    "pct2ResTime" : 1122.1999999999998,
    "pct3ResTime" : 2073.4199999999905,
    "throughput" : 6.271759164448086,
    "receivedKBytesPerSec" : 2.97048593334016,
    "sentKBytesPerSec" : 3.198552175596457
  },
  "View Cart" : {
    "transaction" : "View Cart",
    "sampleCount" : 25,
    "errorCount" : 0,
    "errorPct" : 0.0,
    "meanResTime" : 541.56,
    "medianResTime" : 550.0,
    "minResTime" : 386.0,
    "maxResTime" : 764.0,
    "pct1ResTime" : 681.4000000000001,
    "pct2ResTime" : 744.8,
    "pct3ResTime" : 764.0,
    "throughput" : 13.150973172014728,
    "receivedKBytesPerSec" : 9.302258679642293,
    "sentKBytesPerSec" : 6.305788894003157
  },
  "Login " : {
    "transaction" : "Login ",
    "sampleCount" : 15,
    "errorCount" : 0,
    "errorPct" : 0.0,
    "meanResTime" : 1043.0,
    "medianResTime" : 1031.0,
    "minResTime" : 824.0,
    "maxResTime" : 1295.0,
    "pct1ResTime" : 1254.8,
    "pct2ResTime" : 1295.0,
    "pct3ResTime" : 1295.0,
    "throughput" : 7.371007371007371,
    "receivedKBytesPerSec" : 4.3011939496314495,
    "sentKBytesPerSec" : 3.587607493857494
  },
  "Invalid_Login " : {
    "transaction" : "Invalid_Login ",
    "sampleCount" : 15,
    "errorCount" : 0,
    "errorPct" : 0.0,
    "meanResTime" : 1043.6,
    "medianResTime" : 1015.0,
    "minResTime" : 859.0,
    "maxResTime" : 1376.0,
    "pct1ResTime" : 1278.2,
    "pct2ResTime" : 1376.0,
    "pct3ResTime" : 1376.0,
    "throughput" : 7.7200205867215645,
    "receivedKBytesPerSec" : 4.257571249356665,
    "sentKBytesPerSec" : 3.746924054297478
  },
  "Add Laptop to cart" : {
    "transaction" : "Add Laptop to cart",
    "sampleCount" : 25,
    "errorCount" : 0,
    "errorPct" : 0.0,
    "meanResTime" : 558.6399999999999,
    "medianResTime" : 553.0,
    "minResTime" : 391.0,
    "maxResTime" : 794.0,
    "pct1ResTime" : 681.0000000000001,
    "pct2ResTime" : 766.4,
    "pct3ResTime" : 794.0,
    "throughput" : 14.116318464144552,
    "receivedKBytesPerSec" : 4.565195334556748,
    "sentKBytesPerSec" : 7.568221520327499
  },
  "Add Monitor to cart" : {
    "transaction" : "Add Monitor to cart",
    "sampleCount" : 25,
    "errorCount" : 0,
    "errorPct" : 0.0,
    "meanResTime" : 526.5600000000001,
    "medianResTime" : 569.0,
    "minResTime" : 387.0,
    "maxResTime" : 697.0,
    "pct1ResTime" : 673.4000000000001,
    "pct2ResTime" : 694.6,
    "pct3ResTime" : 697.0,
    "throughput" : 13.974287311347123,
    "receivedKBytesPerSec" : 4.517079199273337,
    "sentKBytesPerSec" : 7.505720723868083
  },
  "Add Laptop2 to cart" : {
    "transaction" : "Add Laptop2 to cart",
    "sampleCount" : 25,
    "errorCount" : 0,
    "errorPct" : 0.0,
    "meanResTime" : 504.08000000000004,
    "medianResTime" : 514.0,
    "minResTime" : 370.0,
    "maxResTime" : 644.0,
    "pct1ResTime" : 639.8,
    "pct2ResTime" : 643.1,
    "pct3ResTime" : 644.0,
    "throughput" : 13.39046598821639,
    "receivedKBytesPerSec" : 4.328363517675415,
    "sentKBytesPerSec" : 7.179068190948045
  },
  "Delete one cart item" : {
    "transaction" : "Delete one cart item",
    "sampleCount" : 25,
    "errorCount" : 0,
    "errorPct" : 0.0,
    "meanResTime" : 565.6,
    "medianResTime" : 591.0,
    "minResTime" : 372.0,
    "maxResTime" : 770.0,
    "pct1ResTime" : 693.2000000000002,
    "pct2ResTime" : 763.6999999999999,
    "pct3ResTime" : 770.0,
    "throughput" : 12.183235867446394,
    "receivedKBytesPerSec" : 6.945872167397661,
    "sentKBytesPerSec" : 5.865561799463937
  }
}