{
  "sceenario5/config.json-196" : {
    "transaction" : "sceenario5/config.json-196",
    "sampleCount" : 1,
    "errorCount" : 0,
    "errorPct" : 0.0,
    "meanResTime" : 204.0,
    "medianResTime" : 204.0,
    "minResTime" : 204.0,
    "maxResTime" : 204.0,
    "pct1ResTime" : 204.0,
    "pct2ResTime" : 204.0,
    "pct3ResTime" : 204.0,
    "throughput" : 4.901960784313726,
    "receivedKBytesPerSec" : 2.2403492647058827,
    "sentKBytesPerSec" : 2.2307751225490198
  },
  "sceenario5/node_modules/tether/dist/js/tether.min.js-186" : {
    "transaction" : "sceenario5/node_modules/tether/dist/js/tether.min.js-186",
    "sampleCount" : 1,
    "errorCount" : 0,
    "errorPct" : 0.0,
    "meanResTime" : 515.0,
    "medianResTime" : 515.0,
    "minResTime" : 515.0,
    "maxResTime" : 515.0,
    "pct1ResTime" : 515.0,
    "pct2ResTime" : 515.0,
    "pct3ResTime" : 515.0,
    "throughput" : 1.941747572815534,
    "receivedKBytesPerSec" : 17.227320995145632,
    "sentKBytesPerSec" : 0.8021086165048543
  },
  "sceenario5/iphone1.jpg-195" : {
    "transaction" : "sceenario5/iphone1.jpg-195",
    "sampleCount" : 1,
    "errorCount" : 0,
    "errorPct" : 0.0,
    "meanResTime" : 509.0,
    "medianResTime" : 509.0,
    "minResTime" : 509.0,
    "maxResTime" : 509.0,
    "pct1ResTime" : 509.0,
    "pct2ResTime" : 509.0,
    "pct3ResTime" : 509.0,
    "throughput" : 1.9646365422396854,
    "receivedKBytesPerSec" : 67.00293160609037,
    "sentKBytesPerSec" : 0.7942964145383103
  },
  "Login " : {
    "transaction" : "Login ",
    "sampleCount" : 15,
    "errorCount" : 0,
    "errorPct" : 0.0,
    "meanResTime" : 1241.5333333333333,
    "medianResTime" : 1215.0,
    "minResTime" : 986.0,
    "maxResTime" : 1507.0,
    "pct1ResTime" : 1487.2,
    "pct2ResTime" : 1507.0,
    "pct3ResTime" : 1507.0,
    "throughput" : 6.423982869379015,
    "receivedKBytesPerSec" : 3.8648454229122056,
    "sentKBytesPerSec" : 3.1266729122055676
  },
  "Add Monitor to cart" : {
    "transaction" : "Add Monitor to cart",
    "sampleCount" : 25,
    "errorCount" : 0,
    "errorPct" : 0.0,
    "meanResTime" : 716.0,
    "medianResTime" : 693.0,
    "minResTime" : 416.0,
    "maxResTime" : 1098.0,
    "pct1ResTime" : 946.4,
    "pct2ResTime" : 1052.6999999999998,
    "pct3ResTime" : 1098.0,
    "throughput" : 5.1229508196721305,
    "receivedKBytesPerSec" : 1.6559538294057377,
    "sentKBytesPerSec" : 2.751584912909836
  },
  "Add Laptop2 to cart" : {
    "transaction" : "Add Laptop2 to cart",
    "sampleCount" : 25,
    "errorCount" : 0,
    "errorPct" : 0.0,
    "meanResTime" : 770.3600000000001,
    "medianResTime" : 845.0,
    "minResTime" : 410.0,
    "maxResTime" : 1163.0,
    "pct1ResTime" : 1039.6000000000001,
    "pct2ResTime" : 1133.0,
    "pct3ResTime" : 1163.0,
    "throughput" : 4.9830576041459045,
    "receivedKBytesPerSec" : 1.610734440402631,
    "sentKBytesPerSec" : 2.671580688160255
  },
  "sceenario5/bm.png-192" : {
    "transaction" : "sceenario5/bm.png-192",
    "sampleCount" : 1,
    "errorCount" : 0,
    "errorPct" : 0.0,
    "meanResTime" : 607.0,
    "medianResTime" : 607.0,
    "minResTime" : 607.0,
    "maxResTime" : 607.0,
    "pct1ResTime" : 607.0,
    "pct2ResTime" : 607.0,
    "pct3ResTime" : 607.0,
    "throughput" : 1.6474464579901154,
    "receivedKBytesPerSec" : 6.897073208401977,
    "sentKBytesPerSec" : 0.6580132825370676
  },
  "View Cart" : {
    "transaction" : "View Cart",
    "sampleCount" : 25,
    "errorCount" : 0,
    "errorPct" : 0.0,
    "meanResTime" : 717.3200000000002,
    "medianResTime" : 609.0,
    "minResTime" : 402.0,
    "maxResTime" : 1225.0,
    "pct1ResTime" : 1147.8000000000002,
    "pct2ResTime" : 1212.1,
    "pct3ResTime" : 1225.0,
    "throughput" : 5.415944540727903,
    "receivedKBytesPerSec" : 3.9631597297443677,
    "sentKBytesPerSec" : 2.5969030952123053
  },
  "Invalid_Login " : {
    "transaction" : "Invalid_Login ",
    "sampleCount" : 15,
    "errorCount" : 0,
    "errorPct" : 0.0,
    "meanResTime" : 876.3333333333334,
    "medianResTime" : 871.0,
    "minResTime" : 767.0,
    "maxResTime" : 986.0,
    "pct1ResTime" : 960.8000000000001,
    "pct2ResTime" : 986.0,
    "pct3ResTime" : 986.0,
    "throughput" : 8.012820512820513,
    "receivedKBytesPerSec" : 4.623021834935897,
    "sentKBytesPerSec" : 3.889034955929487
  },
  "sceenario5/node_modules/bootstrap/dist/js/bootstrap.min.js-187" : {
    "transaction" : "sceenario5/node_modules/bootstrap/dist/js/bootstrap.min.js-187",
    "sampleCount" : 1,
    "errorCount" : 0,
    "errorPct" : 0.0,
    "meanResTime" : 204.0,
    "medianResTime" : 204.0,
    "minResTime" : 204.0,
    "maxResTime" : 204.0,
    "pct1ResTime" : 204.0,
    "pct2ResTime" : 204.0,
    "pct3ResTime" : 204.0,
    "throughput" : 4.901960784313726,
    "receivedKBytesPerSec" : 73.1033624387255,
    "sentKBytesPerSec" : 2.053653492647059
  },
  "sceenario5/imgs/sony_vaio_5.jpg-205" : {
    "transaction" : "sceenario5/imgs/sony_vaio_5.jpg-205",
    "sampleCount" : 1,
    "errorCount" : 0,
    "errorPct" : 0.0,
    "meanResTime" : 717.0,
    "medianResTime" : 717.0,
    "minResTime" : 717.0,
    "maxResTime" : 717.0,
    "pct1ResTime" : 717.0,
    "pct2ResTime" : 717.0,
    "pct3ResTime" : 717.0,
    "throughput" : 1.3947001394700138,
    "receivedKBytesPerSec" : 123.6638663702929,
    "sentKBytesPerSec" : 0.5761310146443515
  },
  "sceenario5/imgs/galaxy_s6.jpg-200" : {
    "transaction" : "sceenario5/imgs/galaxy_s6.jpg-200",
    "sampleCount" : 1,
    "errorCount" : 0,
    "errorPct" : 0.0,
    "meanResTime" : 687.0,
    "medianResTime" : 687.0,
    "minResTime" : 687.0,
    "maxResTime" : 687.0,
    "pct1ResTime" : 687.0,
    "pct2ResTime" : 687.0,
    "pct3ResTime" : 687.0,
    "throughput" : 1.455604075691412,
    "receivedKBytesPerSec" : 153.1753206877729,
    "sentKBytesPerSec" : 0.598446597525473
  },
  "sceenario5/css/latostyle.css-184" : {
    "transaction" : "sceenario5/css/latostyle.css-184",
    "sampleCount" : 1,
    "errorCount" : 0,
    "errorPct" : 0.0,
    "meanResTime" : 410.0,
    "medianResTime" : 410.0,
    "minResTime" : 410.0,
    "maxResTime" : 410.0,
    "pct1ResTime" : 410.0,
    "pct2ResTime" : 410.0,
    "pct3ResTime" : 410.0,
    "throughput" : 2.4390243902439024,
    "receivedKBytesPerSec" : 2.131764481707317,
    "sentKBytesPerSec" : 0.9837080792682927
  },
  "sceenario5/js/index.js-189" : {
    "transaction" : "sceenario5/js/index.js-189",
    "sampleCount" : 1,
    "errorCount" : 0,
    "errorPct" : 0.0,
    "meanResTime" : 439.0,
    "medianResTime" : 439.0,
    "minResTime" : 439.0,
    "maxResTime" : 439.0,
    "pct1ResTime" : 439.0,
    "pct2ResTime" : 439.0,
    "pct3ResTime" : 439.0,
    "throughput" : 2.277904328018223,
    "receivedKBytesPerSec" : 6.693568479498861,
    "sentKBytesPerSec" : 0.8742347665148064
  },
  "sceenario5/imgs/HTC_M9.jpg-203" : {
    "transaction" : "sceenario5/imgs/HTC_M9.jpg-203",
    "sampleCount" : 1,
    "errorCount" : 0,
    "errorPct" : 0.0,
    "meanResTime" : 817.0,
    "medianResTime" : 817.0,
    "minResTime" : 817.0,
    "maxResTime" : 817.0,
    "pct1ResTime" : 817.0,
    "pct2ResTime" : 817.0,
    "pct3ResTime" : 817.0,
    "throughput" : 1.2239902080783354,
    "receivedKBytesPerSec" : 116.25277310281518,
    "sentKBytesPerSec" : 0.49963662790697677
  },
  "Add Moblie2 to cart" : {
    "transaction" : "Add Moblie2 to cart",
    "sampleCount" : 25,
    "errorCount" : 0,
    "errorPct" : 0.0,
    "meanResTime" : 677.1600000000002,
    "medianResTime" : 651.0,
    "minResTime" : 435.0,
    "maxResTime" : 1118.0,
    "pct1ResTime" : 1006.8000000000001,
    "pct2ResTime" : 1089.5,
    "pct3ResTime" : 1118.0,
    "throughput" : 5.014039310068191,
    "receivedKBytesPerSec" : 1.620749034797433,
    "sentKBytesPerSec" : 2.688190997292419
  },
  "sceenario5/node_modules/video.js/dist/video.min.js-188" : {
    "transaction" : "sceenario5/node_modules/video.js/dist/video.min.js-188",
    "sampleCount" : 1,
    "errorCount" : 0,