{
  "Add Moblie2 to cart" : {
    "transaction" : "Add Moblie2 to cart",
    "sampleCount" : 25,
    "errorCount" : 0,
    "errorPct" : 0.0,
    "meanResTime" : 595.44,
    "medianResTime" : 569.0,
    "minResTime" : 367.0,
    "maxResTime" : 890.0,
    "pct1ResTime" : 788.4000000000001,
    "pct2ResTime" : 863.3,
    "pct3ResTime" : 890.0,
    "throughput" : 10.382059800664452,
    "receivedKBytesPerSec" : 3.3559197207225915,
    "sentKBytesPerSec" : 5.566162920473422
  },
  "View cart after deleting" : {
    "transaction" : "View cart after deleting",
    "sampleCount" : 25,
    "errorCount" : 0,
    "errorPct" : 0.0,
    "meanResTime" : 730.96,
    "medianResTime" : 650.0,
    "minResTime" : 508.0,
    "maxResTime" : 1844.0,
    "pct1ResTime" : 1107.0000000000014,
    "pct2ResTime" : 1738.0999999999997,
    "pct3ResTime" : 1844.0,
    "throughput" : 8.976660682226212,
    "receivedKBytesPerSec" : 6.465650246858169,
    "sentKBytesPerSec" : 4.3042386669658885
  },
  "Register" : {
    "transaction" : "Register",
    "sampleCount" : 15,
    "errorCount" : 0,
    "errorPct" : 0.0,
    "meanResTime" : 1149.3999999999996,
    "medianResTime" : 1175.0,
    "minResTime" : 777.0,
    "maxResTime" : 1714.0,
    "pct1ResTime" : 1694.8,
    "pct2ResTime" : 1714.0,
    "pct3ResTime" : 1714.0,
    "throughput" : 0.513874614594039,
    "receivedKBytesPerSec" : 0.302804631294964,
    "sentKBytesPerSec" : 0.2506142407502569
  },
  "Add Mobile to cart" : {
    "transaction" : "Add Mobile to cart",
    "sampleCount" : 25,
    "errorCount" : 0,
    "errorPct" : 0.0,
    "meanResTime" : 1695.5600000000004,
    "medianResTime" : 1740.0,
    "minResTime" : 1198.0,
    "maxResTime" : 2157.0,
    "pct1ResTime" : 2089.4,
    "pct2ResTime" : 2139.6,
    "pct3ResTime" : 2157.0,
    "throughput" : 8.161932745674175,
    "receivedKBytesPerSec" : 2.6382809949396018,
    "sentKBytesPerSec" : 4.375879958374143
  },
  "Total" : {
    "transaction" : "Total",
    "sampleCount" : 245,
    "errorCount" : 30,
    "errorPct" : 12.244898,
    "meanResTime" : 919.0530612244902,
    "medianResTime" : 751.0,
    "minResTime" : 367.0,
    "maxResTime" : 2157.0,
    "pct1ResTime" : 1651.8,
    "pct2ResTime" : 1755.3,
    "pct3ResTime" : 2091.64,
    "throughput" : 5.795524435823438,
    "receivedKBytesPerSec" : 2.7252686713464542,
    "sentKBytesPerSec" : 2.7796479144982733
  },
  "InvalidLogin " : {
    "transaction" : "InvalidLogin ",
    "sampleCount" : 15,
    "errorCount" : 15,
    "errorPct" : 100.0,
    "meanResTime" : 1548.1999999999998,
    "medianResTime" : 1532.0,
    "minResTime" : 1297.0,
    "maxResTime" : 1724.0,
    "pct1ResTime" : 1715.0,
    "pct2ResTime" : 1724.0,
    "pct3ResTime" : 1724.0,
    "throughput" : 6.302521008403361,
    "receivedKBytesPerSec" : 3.1820345325630255,
    "sentKBytesPerSec" : 1.4956177783613447
  },
  "View Cart" : {
    "transaction" : "View Cart",
    "sampleCount" : 25,
    "errorCount" : 0,
    "errorPct" : 0.0,
    "meanResTime" : 680.3999999999999,
    "medianResTime" : 686.0,
    "minResTime" : 483.0,
    "maxResTime" : 823.0,
    "pct1ResTime" : 760.4000000000001,
    "pct2ResTime" : 807.0999999999999,
    "pct3ResTime" : 823.0,
    "throughput" : 9.416195856873822,
    "receivedKBytesPerSec" : 6.996307085687383,
    "sentKBytesPerSec" : 4.514992349340867
  },
  "Login " : {
    "transaction" : "Login ",
    "sampleCount" : 15,
    "errorCount" : 15,
    "errorPct" : 100.0,
    "meanResTime" : 1505.0666666666666,
    "medianResTime" : 1524.0,
    "minResTime" : 1286.0,
    "maxResTime" : 1659.0,
    "pct1ResTime" : 1645.8,
    "pct2ResTime" : 1659.0,
    "pct3ResTime" : 1659.0,
    "throughput" : 6.090133982947624,
    "receivedKBytesPerSec" : 3.0748039738124238,
    "sentKBytesPerSec" : 1.4535436967113275
  },
  "Add Laptop to cart" : {
    "transaction" : "Add Laptop to cart",
    "sampleCount" : 25,
    "errorCount" : 0,
    "errorPct" : 0.0,
    "meanResTime" : 763.6400000000001,
    "medianResTime" : 784.0,
    "minResTime" : 554.0,
    "maxResTime" : 1001.0,
    "pct1ResTime" : 905.4,
    "pct2ResTime" : 972.4999999999999,
    "pct3ResTime" : 1001.0,
    "throughput" : 9.723842862699339,
    "receivedKBytesPerSec" : 3.144675588292493,
    "sentKBytesPerSec" : 5.213271222287047
  },
  "Add Monitor to cart" : {
    "transaction" : "Add Monitor to cart",
    "sampleCount" : 25,
    "errorCount" : 0,
    "errorPct" : 0.0,
    "meanResTime" : 718.2,
    "medianResTime" : 724.0,
    "minResTime" : 390.0,
    "maxResTime" : 932.0,
    "pct1ResTime" : 910.2,
    "pct2ResTime" : 931.4,
    "pct3ResTime" : 932.0,
    "throughput" : 10.084711577248891,
    "receivedKBytesPerSec" : 3.2598042305365067,
    "sentKBytesPerSec" : 5.416593132311416
  },
  "Add Laptop2 to cart" : {
    "transaction" : "Add Laptop2 to cart",
    "sampleCount" : 25,
    "errorCount" : 0,
    "errorPct" : 0.0,
    "meanResTime" : 666.1999999999999,
    "medianResTime" : 702.0,
    "minResTime" : 386.0,
    "maxResTime" : 829.0,
    "pct1ResTime" : 788.0,
    "pct2ResTime" : 819.4,
    "pct3ResTime" : 829.0,
    "throughput" : 9.788566953797964,
    "receivedKBytesPerSec" : 3.1640777946358654,
    "sentKBytesPerSec" : 5.24797193128426
  },
  "Delete one cart item" : {
    "transaction" : "Delete one cart item",
    "sampleCount" : 25,
    "errorCount" : 0,
    "errorPct" : 0.0,
    "meanResTime" : 634.72,
    "medianResTime" : 640.0,
    "minResTime" : 453.0,
    "maxResTime" : 765.0,
    "pct1ResTime" : 761.2,
    "pct2ResTime" : 764.4,
    "pct3ResTime" : 765.0,
    "throughput" : 9.370314842578711,
    "receivedKBytesPerSec" : 5.3341249297226385,
    "sentKBytesPerSec" : 4.511294157608695
  }
}